month,page,source,visitors,sessions
2024-11,/,Search,799,1178
2024-11,/,Social,465,560
2024-11,/,Newsletter,288,370
2024-11,/,Direct,501,732
2024-11,/events,Search,721,979
2024-11,/events,Social,466,672
2024-11,/events,Newsletter,257,347
2024-11,/events,Direct,311,395
2024-11,/join,Search,338,465
2024-11,/join,Social,201,295
2024-11,/join,Newsletter,122,153
2024-11,/join,Direct,134,196
2024-11,/blog,Search,518,649
2024-11,/blog,Social,307,391
2024-11,/blog,Newsletter,156,204
2024-11,/blog,Direct,243,340
2024-11,/about,Search,161,229
2024-11,/about,Social,109,146
2024-11,/about,Newsletter,64,92
2024-11,/about,Direct,75,100
2024-11,/jobs,Search,291,411
2024-11,/jobs,Social,165,206
2024-11,/jobs,Newsletter,105,150
2024-11,/jobs,Direct,121,160
2024-12,/,Search,811,1023
2024-12,/,Social,396,589
2024-12,/,Newsletter,266,337
2024-12,/,Direct,363,474
2024-12,/events,Search,599,856
2024-12,/events,Social,289,366
2024-12,/events,Newsletter,174,222
2024-12,/events,Direct,234,290
2024-12,/join,Search,242,320
2024-12,/join,Social,124,170
2024-12,/join,Newsletter,94,129
2024-12,/join,Direct,113,159
2024-12,/blog,Search,385,482
2024-12,/blog,Social,223,268
2024-12,/blog,Newsletter,137,171
2024-12,/blog,Direct,179,266
2024-12,/about,Search,154,223
2024-12,/about,Social,85,118
2024-12,/about,Newsletter,50,74
2024-12,/about,Direct,61,87
2024-12,/jobs,Search,201,256
2024-12,/jobs,Social,134,184
2024-12,/jobs,Newsletter,78,114
2024-12,/jobs,Direct,104,130
2025-01,/,Search,836,1137
2025-01,/,Social,597,765
2025-01,/,Newsletter,284,341
2025-01,/,Direct,420,591
2025-01,/events,Search,666,845
2025-01,/events,Social,416,587
2025-01,/events,Newsletter,299,360
2025-01,/events,Direct,329,487
2025-01,/join,Search,391,486
2025-01,/join,Social,186,252
2025-01,/join,Newsletter,108,143
2025-01,/join,Direct,162,206
2025-01,/blog,Search,466,570
2025-01,/blog,Social,276,338
2025-01,/blog,Newsletter,186,262
2025-01,/blog,Direct,238,342
2025-01,/about,Search,209,272
2025-01,/about,Social,111,139
2025-01,/about,Newsletter,73,99
2025-01,/about,Direct,80,99
2025-01,/jobs,Search,310,407
2025-01,/jobs,Social,178,225
2025-01,/jobs,Newsletter,106,152
2025-01,/jobs,Direct,122,167
2025-02,/,Search,913,1289
2025-02,/,Social,628,902
2025-02,/,Newsletter,308,378
2025-02,/,Direct,503,688
2025-02,/events,Search,718,903
2025-02,/events,Social,471,580
2025-02,/events,Newsletter,279,354
2025-02,/events,Direct,355,471
2025-02,/join,Search,356,504
2025-02,/join,Social,173,245
2025-02,/join,Newsletter,107,137
2025-02,/join,Direct,174,244
2025-02,/blog,Search,573,842
2025-02,/blog,Social,288,372
2025-02,/blog,Newsletter,193,246
2025-02,/blog,Direct,236,299
2025-02,/about,Search,217,314
2025-02,/about,Social,122,181
2025-02,/about,Newsletter,73,94
2025-02,/about,Direct,90,127
2025-02,/jobs,Search,261,360
2025-02,/jobs,Social,151,183
2025-02,/jobs,Newsletter,101,125
2025-02,/jobs,Direct,162,237
2025-03,/,Search,1023,1288
2025-03,/,Social,523,707
2025-03,/,Newsletter,347,454
2025-03,/,Direct,524,711
2025-03,/events,Search,896,1103
2025-03,/events,Social,412,542
2025-03,/events,Newsletter,274,349
2025-03,/events,Direct,414,524
2025-03,/join,Search,342,459
2025-03,/join,Social,220,314
2025-03,/join,Newsletter,116,154
2025-03,/join,Direct,194,287
2025-03,/blog,Search,589,725
2025-03,/blog,Social,320,445
2025-03,/blog,Newsletter,177,214
2025-03,/blog,Direct,310,456
2025-03,/about,Search,183,245
2025-03,/about,Social,122,157
2025-03,/about,Newsletter,60,85
2025-03,/about,Direct,106,141
2025-03,/jobs,Search,271,357
2025-03,/jobs,Social,155,230
2025-03,/jobs,Newsletter,89,114
2025-03,/jobs,Direct,159,197
2025-04,/,Search,937,1144
2025-04,/,Social,545,740
2025-04,/,Newsletter,389,486
2025-04,/,Direct,456,651
2025-04,/events,Search,831,1081
2025-04,/events,Social,430,547
2025-04,/events,Newsletter,323,398
2025-04,/events,Direct,375,533
2025-04,/join,Search,415,610
2025-04,/join,Social,210,312
2025-04,/join,Newsletter,127,163
2025-04,/join,Direct,175,247
2025-04,/blog,Search,625,774
2025-04,/blog,Social,303,450
2025-04,/blog,Newsletter,171,246
2025-04,/blog,Direct,264,336
2025-04,/about,Search,196,262
2025-04,/about,Social,139,172
2025-04,/about,Newsletter,78,101
2025-04,/about,Direct,91,129
2025-04,/jobs,Search,303,380
2025-04,/jobs,Social,177,256
2025-04,/jobs,Newsletter,117,160
2025-04,/jobs,Direct,129,184
2025-05,/,Search,1125,1653
2025-05,/,Social,707,917
2025-05,/,Newsletter,401,579
2025-05,/,Direct,482,631
2025-05,/events,Search,839,1095
2025-05,/events,Social,480,591
2025-05,/events,Newsletter,266,391
2025-05,/events,Direct,404,561
2025-05,/join,Search,425,606
2025-05,/join,Social,201,296
2025-05,/join,Newsletter,138,206
2025-05,/join,Direct,194,276
2025-05,/blog,Search,655,835
2025-05,/blog,Social,358,470
2025-05,/blog,Newsletter,220,272
2025-05,/blog,Direct,288,374
2025-05,/about,Search,239,311
2025-05,/about,Social,137,199
2025-05,/about,Newsletter,80,99
2025-05,/about,Direct,117,166
2025-05,/jobs,Search,344,480
2025-05,/jobs,Social,161,235
2025-05,/jobs,Newsletter,110,147
2025-05,/jobs,Direct,148,212
2025-06,/,Search,1212,1770
2025-06,/,Social,584,760
2025-06,/,Newsletter,344,423
2025-06,/,Direct,504,608
2025-06,/events,Search,974,1235
2025-06,/events,Social,445,543
2025-06,/events,Newsletter,319,401
2025-06,/events,Direct,421,555
2025-06,/join,Search,426,633
2025-06,/join,Social,210,291
2025-06,/join,Newsletter,145,194
2025-06,/join,Direct,208,295
2025-06,/blog,Search,580,848
2025-06,/blog,Social,359,442
2025-06,/blog,Newsletter,210,304
2025-06,/blog,Direct,294,395
2025-06,/about,Search,218,319
2025-06,/about,Social,134,169
2025-06,/about,Newsletter,71,92
2025-06,/about,Direct,121,170
2025-06,/jobs,Search,297,437
2025-06,/jobs,Social,164,225
2025-06,/jobs,Newsletter,109,154
2025-06,/jobs,Direct,156,191
2025-07,/,Search,865,1250
2025-07,/,Social,533,696
2025-07,/,Newsletter,262,372
2025-07,/,Direct,446,564
2025-07,/events,Search,766,1147
2025-07,/events,Social,384,504
2025-07,/events,Newsletter,243,359
2025-07,/events,Direct,298,384
2025-07,/join,Search,285,404
2025-07,/join,Social,155,211
2025-07,/join,Newsletter,100,140
2025-07,/join,Direct,127,188
2025-07,/blog,Search,543,743
2025-07,/blog,Social,293,367
2025-07,/blog,Newsletter,176,240
2025-07,/blog,Direct,242,353
2025-07,/about,Search,164,242
2025-07,/about,Social,89,107
2025-07,/about,Newsletter,57,83
2025-07,/about,Direct,91,135
2025-07,/jobs,Search,258,381
2025-07,/jobs,Social,149,185
2025-07,/jobs,Newsletter,89,128
2025-07,/jobs,Direct,119,164
2025-08,/,Search,1088,1395
2025-08,/,Social,654,885
2025-08,/,Newsletter,387,475
2025-08,/,Direct,475,618
2025-08,/events,Search,999,1423
2025-08,/events,Social,494,630
2025-08,/events,Newsletter,314,393
2025-08,/events,Direct,460,676
2025-08,/join,Search,373,513
2025-08,/join,Social,250,356
2025-08,/join,Newsletter,145,204
2025-08,/join,Direct,182,264
2025-08,/blog,Search,727,883
2025-08,/blog,Social,417,555
2025-08,/blog,Newsletter,188,229
2025-08,/blog,Direct,334,468
2025-08,/about,Search,209,279
2025-08,/about,Social,139,208
2025-08,/about,Newsletter,74,105
2025-08,/about,Direct,103,129
2025-08,/jobs,Search,316,418
2025-08,/jobs,Social,208,268
2025-08,/jobs,Newsletter,105,132
2025-08,/jobs,Direct,146,183
2025-09,/,Search,1134,1532
2025-09,/,Social,621,834
2025-09,/,Newsletter,393,586
2025-09,/,Direct,569,844
2025-09,/events,Search,952,1198
2025-09,/events,Social,564,701
2025-09,/events,Newsletter,288,351
2025-09,/events,Direct,485,722
2025-09,/join,Search,408,532
2025-09,/join,Social,234,305
2025-09,/join,Newsletter,148,195
2025-09,/join,Direct,179,261
2025-09,/blog,Search,675,811
2025-09,/blog,Social,417,591
2025-09,/blog,Newsletter,210,291
2025-09,/blog,Direct,354,467
2025-09,/about,Search,235,303
2025-09,/about,Social,139,194
2025-09,/about,Newsletter,85,126
2025-09,/about,Direct,102,133
2025-09,/jobs,Search,398,572
2025-09,/jobs,Social,211,296
2025-09,/jobs,Newsletter,114,169
2025-09,/jobs,Direct,174,229
2025-10,/,Search,1111,1371
2025-10,/,Social,785,1130
2025-10,/,Newsletter,351,455
2025-10,/,Direct,581,783
2025-10,/events,Search,942,1383
2025-10,/events,Social,536,728
2025-10,/events,Newsletter,369,513
2025-10,/events,Direct,464,603
2025-10,/join,Search,415,573
2025-10,/join,Social,266,339
2025-10,/join,Newsletter,137,180
2025-10,/join,Direct,196,288
2025-10,/blog,Search,683,876
2025-10,/blog,Social,366,529
2025-10,/blog,Newsletter,202,284
2025-10,/blog,Direct,275,345
2025-10,/about,Search,213,307
2025-10,/about,Social,125,158
2025-10,/about,Newsletter,71,90
2025-10,/about,Direct,125,177
2025-10,/jobs,Search,414,614
2025-10,/jobs,Social,213,314
2025-10,/jobs,Newsletter,107,158
2025-10,/jobs,Direct,172,216
2025-11,/,Search,1350,1967
2025-11,/,Social,693,850
2025-11,/,Newsletter,465,663
2025-11,/,Direct,615,918
2025-11,/events,Search,866,1053
2025-11,/events,Social,509,614
2025-11,/events,Newsletter,356,494
2025-11,/events,Direct,423,528
2025-11,/join,Search,397,548
2025-11,/join,Social,264,393
2025-11,/join,Newsletter,140,209
2025-11,/join,Direct,205,270
2025-11,/blog,Search,640,812
2025-11,/blog,Social,451,675
2025-11,/blog,Newsletter,244,305
2025-11,/blog,Direct,297,369
2025-11,/about,Search,240,341
2025-11,/about,Social,124,168
2025-11,/about,Newsletter,88,106
2025-11,/about,Direct,117,168
2025-11,/jobs,Search,385,514
2025-11,/jobs,Social,240,331
2025-11,/jobs,Newsletter,119,156
2025-11,/jobs,Direct,203,295
2025-12,/,Search,1083,1481
2025-12,/,Social,491,614
2025-12,/,Newsletter,309,434
2025-12,/,Direct,390,561
2025-12,/events,Search,836,1132
2025-12,/events,Social,375,539
2025-12,/events,Newsletter,250,350
2025-12,/events,Direct,374,530
2025-12,/join,Search,327,486
2025-12,/join,Social,218,322
2025-12,/join,Newsletter,116,150
2025-12,/join,Direct,154,197
2025-12,/blog,Search,593,852
2025-12,/blog,Social,328,474
2025-12,/blog,Newsletter,202,284
2025-12,/blog,Direct,238,339
2025-12,/about,Search,178,246
2025-12,/about,Social,98,142
2025-12,/about,Newsletter,64,82
2025-12,/about,Direct,103,126
2025-12,/jobs,Search,326,465
2025-12,/jobs,Social,147,209
2025-12,/jobs,Newsletter,98,144
2025-12,/jobs,Direct,141,187
2026-01,/,Search,1482,1817
2026-01,/,Social,812,999
2026-01,/,Newsletter,408,503
2026-01,/,Direct,694,924
2026-01,/events,Search,1120,1430
2026-01,/events,Social,641,893
2026-01,/events,Newsletter,307,413
2026-01,/events,Direct,533,673
2026-01,/join,Search,480,616
2026-01,/join,Social,252,371
2026-01,/join,Newsletter,173,259
2026-01,/join,Direct,213,292
2026-01,/blog,Search,788,1124
2026-01,/blog,Social,406,592
2026-01,/blog,Newsletter,233,346
2026-01,/blog,Direct,340,420
2026-01,/about,Search,282,350
2026-01,/about,Social,158,192
2026-01,/about,Newsletter,100,136
2026-01,/about,Direct,133,164
2026-01,/jobs,Search,409,536
2026-01,/jobs,Social,207,299
2026-01,/jobs,Newsletter,112,150
2026-01,/jobs,Direct,164,238
2026-02,/,Search,1497,1811
2026-02,/,Social,757,1014
2026-02,/,Newsletter,475,673
2026-02,/,Direct,607,898
2026-02,/events,Search,970,1203
2026-02,/events,Social,670,828
2026-02,/events,Newsletter,323,436
2026-02,/events,Direct,485,605
2026-02,/join,Search,529,710
2026-02,/join,Social,290,369
2026-02,/join,Newsletter,175,221
2026-02,/join,Direct,250,345
2026-02,/blog,Search,841,1203
2026-02,/blog,Social,437,594
2026-02,/blog,Newsletter,271,361
2026-02,/blog,Direct,308,454
2026-02,/about,Search,292,410
2026-02,/about,Social,164,208
2026-02,/about,Newsletter,88,127
2026-02,/about,Direct,145,214
2026-02,/jobs,Search,361,507
2026-02,/jobs,Social,233,307
2026-02,/jobs,Newsletter,120,148
2026-02,/jobs,Direct,189,254
2026-03,/,Search,1272,1666
2026-03,/,Social,794,1134
2026-03,/,Newsletter,468,584
2026-03,/,Direct,726,951
2026-03,/events,Search,1244,1859
2026-03,/events,Social,557,765
2026-03,/events,Newsletter,415,545
2026-03,/events,Direct,528,683
2026-03,/join,Search,410,517
2026-03,/join,Social,242,311
2026-03,/join,Newsletter,165,225
2026-03,/join,Direct,258,362
2026-03,/blog,Search,721,1070
2026-03,/blog,Social,447,609
2026-03,/blog,Newsletter,277,388
2026-03,/blog,Direct,343,473
2026-03,/about,Search,257,383
2026-03,/about,Social,144,214
2026-03,/about,Newsletter,79,95
2026-03,/about,Direct,132,166
2026-03,/jobs,Search,411,507
2026-03,/jobs,Social,258,361
2026-03,/jobs,Newsletter,144,212
2026-03,/jobs,Direct,224,314
2026-04,/,Search,1484,1781
2026-04,/,Social,689,914
2026-04,/,Newsletter,530,685
2026-04,/,Direct,678,815
2026-04,/events,Search,1087,1598
2026-04,/events,Social,654,946
2026-04,/events,Newsletter,317,399
2026-04,/events,Direct,480,695
2026-04,/join,Search,429,634
2026-04,/join,Social,259,379
2026-04,/join,Newsletter,163,211
2026-04,/join,Direct,265,350
2026-04,/blog,Search,812,990
2026-04,/blog,Social,481,718
2026-04,/blog,Newsletter,225,320
2026-04,/blog,Direct,340,423
2026-04,/about,Search,267,373
2026-04,/about,Social,181,271
2026-04,/about,Newsletter,106,147
2026-04,/about,Direct,138,172
2026-04,/jobs,Search,446,608
2026-04,/jobs,Social,229,336
2026-04,/jobs,Newsletter,129,160
2026-04,/jobs,Direct,178,221
2026-05,/,Search,1460,2102
2026-05,/,Social,730,986
2026-05,/,Newsletter,484,662
2026-05,/,Direct,659,898
2026-05,/events,Search,972,1183
2026-05,/events,Social,635,807
2026-05,/events,Newsletter,408,519
2026-05,/events,Direct,594,755
2026-05,/join,Search,437,586
2026-05,/join,Social,274,356
2026-05,/join,Newsletter,179,226
2026-05,/join,Direct,249,361
2026-05,/blog,Search,771,1041
2026-05,/blog,Social,504,696
2026-05,/blog,Newsletter,235,286
2026-05,/blog,Direct,325,422
2026-05,/about,Search,249,347
2026-05,/about,Social,158,204
2026-05,/about,Newsletter,95,140
2026-05,/about,Direct,125,155
2026-05,/jobs,Search,401,520
2026-05,/jobs,Social,273,385
2026-05,/jobs,Newsletter,139,173
2026-05,/jobs,Direct,175,216
2026-06,/,Search,1601,2232
2026-06,/,Social,743,1030
2026-06,/,Newsletter,419,566
2026-06,/,Direct,656,807
2026-06,/events,Search,1244,1760
2026-06,/events,Social,665,831
2026-06,/events,Newsletter,406,539
2026-06,/events,Direct,579,710
2026-06,/join,Search,569,683
2026-06,/join,Social,266,350
2026-06,/join,Newsletter,153,187
2026-06,/join,Direct,255,382
2026-06,/blog,Search,758,970
2026-06,/blog,Social,479,606
2026-06,/blog,Newsletter,258,362
2026-06,/blog,Direct,372,463
2026-06,/about,Search,252,343
2026-06,/about,Social,190,280
2026-06,/about,Newsletter,85,114
2026-06,/about,Direct,137,172
2026-06,/jobs,Search,457,616
2026-06,/jobs,Social,271,348
2026-06,/jobs,Newsletter,163,235
2026-06,/jobs,Direct,205,254
2026-07,/,Search,1103,1365
2026-07,/,Social,668,941
2026-07,/,Newsletter,378,564
2026-07,/,Direct,455,643
2026-07,/events,Search,967,1193
2026-07,/events,Social,479,582
2026-07,/events,Newsletter,303,429
2026-07,/events,Direct,403,567
2026-07,/join,Search,372,525
2026-07,/join,Social,206,307
2026-07,/join,Newsletter,126,151
2026-07,/join,Direct,162,229
2026-07,/blog,Search,676,940
2026-07,/blog,Social,312,456
2026-07,/blog,Newsletter,216,266
2026-07,/blog,Direct,279,391
2026-07,/about,Search,188,227
2026-07,/about,Social,121,176
2026-07,/about,Newsletter,84,108
2026-07,/about,Direct,118,169
2026-07,/jobs,Search,369,507
2026-07,/jobs,Social,216,300
2026-07,/jobs,Newsletter,125,171
2026-07,/jobs,Direct,143,193
2026-08,/,Search,1498,1949
2026-08,/,Social,828,1120
2026-08,/,Newsletter,515,652
2026-08,/,Direct,669,903
2026-08,/events,Search,1206,1598
2026-08,/events,Social,722,906
2026-08,/events,Newsletter,405,519
2026-08,/events,Direct,620,874
2026-08,/join,Search,571,773
2026-08,/join,Social,278,410
2026-08,/join,Newsletter,176,231
2026-08,/join,Direct,235,310
2026-08,/blog,Search,880,1272
2026-08,/blog,Social,470,667
2026-08,/blog,Newsletter,252,336
2026-08,/blog,Direct,377,487
2026-08,/about,Search,288,410
2026-08,/about,Social,184,232
2026-08,/about,Newsletter,92,132
2026-08,/about,Direct,150,210
2026-08,/jobs,Search,470,661
2026-08,/jobs,Social,240,292
2026-08,/jobs,Newsletter,144,174
2026-08,/jobs,Direct,244,331
2026-09,/,Search,1612,2401
2026-09,/,Social,956,1212
2026-09,/,Newsletter,486,599
2026-09,/,Direct,795,1129
2026-09,/events,Search,1222,1601
2026-09,/events,Social,652,877
2026-09,/events,Newsletter,435,638
2026-09,/events,Direct,645,941
2026-09,/join,Search,527,698
2026-09,/join,Social,289,431
2026-09,/join,Newsletter,161,200
2026-09,/join,Direct,238,351
2026-09,/blog,Search,932,1211
2026-09,/blog,Social,532,780
2026-09,/blog,Newsletter,275,345
2026-09,/blog,Direct,434,569
2026-09,/about,Search,271,398
2026-09,/about,Social,172,226
2026-09,/about,Newsletter,105,134
2026-09,/about,Direct,125,164
2026-09,/jobs,Search,443,533
2026-09,/jobs,Social,252,359
2026-09,/jobs,Newsletter,145,203
2026-09,/jobs,Direct,227,285
2026-10,/,Search,1336,1873
2026-10,/,Social,922,1187
2026-10,/,Newsletter,473,688
2026-10,/,Direct,834,1059
2026-10,/events,Search,1281,1758
2026-10,/events,Social,675,817
2026-10,/events,Newsletter,394,548
2026-10,/events,Direct,613,829
2026-10,/join,Search,484,611
2026-10,/join,Social,294,389
2026-10,/join,Newsletter,174,255
2026-10,/join,Direct,230,344
2026-10,/blog,Search,791,1152
2026-10,/blog,Social,453,623
2026-10,/blog,Newsletter,275,333
2026-10,/blog,Direct,445,642
2026-10,/about,Search,290,415
2026-10,/about,Social,177,264
2026-10,/about,Newsletter,90,118
2026-10,/about,Direct,136,188
2026-10,/jobs,Search,507,736
2026-10,/jobs,Social,271,356
2026-10,/jobs,Newsletter,170,209
2026-10,/jobs,Direct,207,295
